{
    "0": {
        "name": "air",
        "n": 1,
        "a": 0,
        "alpha": NaN,
        "beta": NaN,
        "kappa": NaN,
        "C": NaN,
        "Y": NaN,
        "prat": NaN,
        "phiM": NaN,
        "k": 0
    },
    "1": {
        "name": "SiO2",
        "n": 1.44,
        "a": 0,
        "alpha": 5.1e-07,
        "beta": 8e-06,
        "kappa": 1.38,
        "C": 1640000.0,
        "Y": 72000000000.0,
        "prat": 0.17,
        "phiM": 4.6e-05,
        "k": 1
    },
    "2": {
        "name": "ta2o5",
        "n": 2.07,
        "a": 2,
        "alpha": 3.6e-06,
        "beta": 1.4e-05,
        "kappa": 33,
        "C": 2100000.0,
        "Y": 140000000000.0,
        "prat": 0.23,
        "phiM": 0.000244,
        "k": 1
    },
    "3": {
        "name": "new",
        "n": 1.67,
        "a": 1,
        "alpha": 3.6e-06,
        "beta": 1.4e-05,
        "kappa": 33,
        "C": 2100000.0,
        "Y": 140000000000.0,
        "prat": 0.23,
        "phiM": 0.000244,
        "k": 1
    }
}